title,rating,reviews,availability
Vasco V4 Language Translator Device | 108 Languages | Free Lifetime Internet in Almost 200 Countries | Ruby Red,3.8 out of 5 stars,"1,241 ratings",Only 15 left in stock - order soon.
Language Translator Device 144 Languages and Accents with 3.7 inch Touchscreen [Latest Generation Smart Translator-W12] AI Image Translator Device Portable Two-Way Voice Translator W12 Black,3.5 out of 5 stars,287 ratings,In Stock
Apple AirTag 4 Pack,4.7 out of 5 stars,"136,677 ratings",Not Available
"VICHYIE 20 in 1 Multifunctional Cleaner Kit for Electronic Devices, Keyboard Cleaning Brush, Headphones Cleaner Kit for AirPods, Multi-Tool for Cleaning Laptop, Keyboard, Earbuds, Camera, Cellphones",4.3 out of 5 stars,"1,383 ratings",In Stock
Electronic Devices (Conventional Current Version) (What's New in Trades & Technology),4.3 out of 5 stars,166 ratings,Not Available
Electronic Devices: Conventional Current Version,4.6 out of 5 stars,26 ratings,Not Available
"4 Port USB Charging Station for Multiple Devices, Detachable Desktop Docking Station Charging Station Organizer for Phones, Tablets, and Other Electronics Smartphone Best Gifts",4.3 out of 5 stars,"1,269 ratings",Not Available
"Roku Express 4K+ | Streaming Player HD/4K/HDR with Roku Voice Remote with TV Controls, Includes Premium HDMI Cable, Includes Carrying Pouch",4.6 out of 5 stars,"2,440 ratings",Not Available
"Amazon Echo Pop (newest model), Our smallest Alexa speaker, Fits in any room, Midnight Teal",4.7 out of 5 stars,"77,241 ratings",Not Available
"70M Laser Measure Device, Mileseey Digital Laser Tape Measure with Upgraded Electronic Angle Sensor, ±2mm Accuracy, Area Measurement,Volume and Pythagoras, Backlit LCD,Mute, Battery Included",4.4 out of 5 stars,"1,708 ratings",Not Available
Solid-State Electronic Devices: An Introduction (Undergraduate Lecture Notes in Physics),3.7 out of 5 stars,4 ratings,In Stock
Electronic Devices (Conventional Current Version) (9th Edition),4.3 out of 5 stars,90 ratings,Not Available
Offline Language Voice Translator Device W09 PRO for 144 Languages and Accents Photo Translation No WiFi Internet Needed for Travel Business W09 Grey,3.9 out of 5 stars,155 ratings,In Stock
"M9 AI Language Translator Earbuds Open-Ear Headphones Support 144 Languages & Accents Translation Earbuds Real Time Translator Device, Snug Fit, Ergonomic Ear Hooks Beige (With Offline Package)",4.0 out of 5 stars,41 ratings,In Stock
"Translator Earbuds, 3-in-1 Language Translator Earbuds 144 Languages & Accents, Translation Device Translation Earbuds in Real Time fit iOS & Android, HD Sound Long Battery Life,Milky White",2.0 out of 5 stars,1 rating,In Stock
Language Translator Device No WiFi Needed Instant Translator 2024 for 144 Languages and Accents AI Electronic Foreign Language Translators W10S Grey,3.8 out of 5 stars,77 ratings,In Stock
"SooPii 60W 6-Port Charging Station for Multiple Devices, PD 20W USB C Fast Charging for lPhone 14/13/12,6 Short Cables Included, 2 in 1 Holder,for Phones,Tablets and Others,White",4.7 out of 5 stars,"4,414 ratings",In Stock
"ATUVOS Air Tag-1 Pack, Bluetooth Luggage Tracker Works with Apple Find My APP (iOS Only, Not for Android), Keys Finder and Item Locator for Luggage, Backpack, Suitcases, Replaceable Battery (Black)",4.3 out of 5 stars,"5,858 ratings",In Stock
"Unitek Fast Charging Station for Multiple Devices, 60W 6 Ports Charging Dock with QC 3.0, USB Charging Station Organizer with 7 Short Charging Cables for Phones, Tablets, and Other Electronics",4.3 out of 5 stars,235 ratings,In Stock
"Skylight Calendar: 15 inch Digital Calendar & Chore Chart, Smart Touchscreen Interactive Display for Family Schedules - Wall Mount Included",4.4 out of 5 stars,"1,769 ratings",In Stock
"Amazon Echo (newest model), Alexa speaker with premium sound, Ideal for large bedrooms, living rooms and kitchens, Twilight Blue",4.7 out of 5 stars,"149,562 ratings",Not Available
Power-Bank-Portable-Charger - 40000mAh Power Bank Support PD 30W and QC4.0 Fast Charging wiht Built-in 2 Output Cable and LED Display for iPhone and Android Phones and Most Electronic Devices,4.3 out of 5 stars,165 ratings,Not Available
"ATUVOS Air Tag-1 Pack, Bluetooth Luggage Tracker Works with Apple Find My APP (iOS Only, Not for Android), Keys Finder and Item Locator for Luggage, Backpack, Suitcases, Replaceable Battery (Black)",4.3 out of 5 stars,"5,858 ratings",In Stock
Electronic Devices and Circuit Theory,4.4 out of 5 stars,712 ratings,Not Available
"320W Charging Station for Multiple Devices, Zobirez 10-Port USB C Fast Charger Stations for MacBook, iPhone, Android Cell Phone, iPad, Tablet, Family Multi-Device Organizer Charging Dock, White",4.6 out of 5 stars,430 ratings,In Stock
Power-Bank-Portable-Charger - 16000mAh Power Bank Support PD 30W and QC4.0 Fast Charging wiht Built-in 2 Output Cable and LED Display for iPhone and Android Phones and Most Electronic Devices,4.3 out of 5 stars,627 ratings,Not Available
"Amazon Echo Dot (newest model), Vibrant sounding Alexa speaker, Great for bedrooms, dining rooms and offices, Glacier White",4.7 out of 5 stars,"145,533 ratings",Not Available
Offline Language Voice Translator Device W09 PRO for 144 Languages and Accents Photo Translation No WiFi Internet Needed for Travel Business W09 Grey,3.9 out of 5 stars,155 ratings,In Stock
"Language Translator Device No WiFi Needed, 138+ Languages Translation in Real Time Portable Voice Translator Device with HD Touchscreen Photo/Offline Translation for Learning Travel Business Gift",3.8 out of 5 stars,158 ratings,In Stock
"64GB Digital Voice Activated Recorder with Playback - 4552 Hours Audio Recording Device, 3072Kpbs HD Dual MIC Tape Recorder Device for Lecture A-B Repeat, MP3 Player, Password,【64GB TF Card Included】",4.2 out of 5 stars,793 ratings,In Stock
Electronic devices (Merrill's international series in electrical and electronics technology),Previous slide of product details,,Not Available
"SooPii Premium 6-Port USB Charging Station Organizer for Multiple Devices, 6 Short Charging Cables and One Upgraded i-Watch Charger Holder Included, for Phones, Tablets, and Other Electronics, White",4.4 out of 5 stars,"4,677 ratings",In Stock
Principles of Electronic Materials and Devices,4.2 out of 5 stars,31 ratings,Not Available
Electronic Devices and Circuit Theory: Pearson New International Edition,4.3 out of 5 stars,86 ratings,Only 1 left in stock - order soon.
"Power-Bank-Portable-Phone-Charger - 40000mAh Power Bank PD30W Fast Charger Built-in 2 Detachable Output Cables, Flashlight and LED Display for iPhone and Android Phones and Most Electronic Devices",4.4 out of 5 stars,90 ratings,Not Available
Solid State Electronic Devices,4.3 out of 5 stars,142 ratings,Not Available
Lab Exercises for Electronic Devices,4.4 out of 5 stars,24 ratings,Not Available
"Screen Cleaner Spray (16oz - 473ml) – Best Large Cleaning Kit for LCD LED OLED TV, Smartphone, iPad, Laptop, Touchscreen, Computer Monitor, Electronic Devices, Microfiber Cloth Wipes and 2 Nozzles",4.6 out of 5 stars,"5,421 ratings",Not Available
Introductory Electronic Devices And Circuits: Conventional Flow Version,4.5 out of 5 stars,8 ratings,Not Available
Translator Device W12S Support 144 Languages and Accents 98% High Accuracy Rapid Two Way Translation in 1s with Protective Case and Lanyard W12S Black,4.1 out of 5 stars,54 ratings,In Stock
